Anzsic,Anzsic_description,Period,Data_value,Variable,Units,Gas,Status
ZPZ,Primary industries,2014Q1,12881,Actual,Kilotonnes,Carbon dioxide equivalents,P
ZPZ,Primary industries,2014Q2,9446,Actual,Kilotonnes,Carbon dioxide equivalents,P
ZPZ,Primary industries,2014Q3,10127,Actual,Kilotonnes,Carbon dioxide equivalents,P
ZPZ,Primary industries,2014Q4,12299,Actual,Kilotonnes,Carbon dioxide equivalents,P
ZPZ,Primary industries,2015Q1,12598,Actual,Kilotonnes,Carbon dioxide equivalents,P
ZPZ,Primary industries,2015Q2,9374,Actual,Kilotonnes,Carbon dioxide equivalents,P
ZPZ,Primary industries,2015Q3,10064,Actual,Kilotonnes,Carbon dioxide equivalents,P
ZPZ,Primary industries,2015Q4,12188,Actual,Kilotonnes,Carbon dioxide equivalents,P
ZPZ,Primary industries,2016Q1,12478,Actual,Kilotonnes,Carbon dioxide equivalents,P
ZPZ,Primary industries,2016Q2,9201,Actual,Kilotonnes,Carbon dioxide equivalents,P
ZPZ,Primary industries,2016Q3,9900,Actual,Kilotonnes,Carbon dioxide equivalents,P
ZPZ,Primary industries,2016Q4,11979,Actual,Kilotonnes,Carbon dioxide equivalents,P
ZPZ,Primary industries,2017Q1,12386,Actual,Kilotonnes,Carbon dioxide equivalents,P
ZPZ,Primary industries,2017Q2,9197,Actual,Kilotonnes,Carbon dioxide equivalents,P
ZPZ,Primary industries,2017Q3,9946,Actual,Kilotonnes,Carbon dioxide equivalents,P
ZPZ,Primary industries,2017Q4,12061,Actual,Kilotonnes,Carbon dioxide equivalents,P
ZPZ,Primary industries,2018Q1,12551,Actual,Kilotonnes,Carbon dioxide equivalents,P
ZPZ,Primary industries,2018Q2,9286,Actual,Kilotonnes,Carbon dioxide equivalents,P
ZPZ,Primary industries,2018Q3,9983,Actual,Kilotonnes,Carbon dioxide equivalents,P
ZPZ,Primary industries,2018Q4,12018,Actual,Kilotonnes,Carbon dioxide equivalents,P
ZPZ,Primary industries,2019Q1,13035,Actual,Kilotonnes,Carbon dioxide equivalents,P
ZPZ,Primary industries,2019Q2,9533,Actual,Kilotonnes,Carbon dioxide equivalents,P
ZPZ,Primary industries,2019Q3,9720,Actual,Kilotonnes,Carbon dioxide equivalents,P
ZPZ,Primary industries,2019Q4,11949,Actual,Kilotonnes,Carbon dioxide equivalents,P
ZPZ,Primary industries,2020Q1,12949,Actual,Kilotonnes,Carbon dioxide equivalents,P
ZPZ,Primary industries,2020Q2,9319,Actual,Kilotonnes,Carbon dioxide equivalents,P
ZPZ,Primary industries,2020Q3,9713,Actual,Kilotonnes,Carbon dioxide equivalents,P
ZPZ,Primary industries,2020Q4,11977,Actual,Kilotonnes,Carbon dioxide equivalents,P
ZPZ,Primary industries,2021Q1,12920,Actual,Kilotonnes,Carbon dioxide equivalents,P
ZPZ,Primary industries,2021Q2,9469,Actual,Kilotonnes,Carbon dioxide equivalents,P
ZPZ,Primary industries,2021Q3,9653,Actual,Kilotonnes,Carbon dioxide equivalents,P
ZPZ,Primary industries,2021Q4,11979,Actual,Kilotonnes,Carbon dioxide equivalents,P
ZPZ,Primary industries,2022Q1,12788,Actual,Kilotonnes,Carbon dioxide equivalents,P
ZPZ,Primary industries,2022Q2,9332,Actual,Kilotonnes,Carbon dioxide equivalents,P
ZPZ,Primary industries,2022Q3,9605,Actual,Kilotonnes,Carbon dioxide equivalents,P
AAZ,"Agriculture, forestry, fishing",2014Q1,12474,Actual,Kilotonnes,Carbon dioxide equivalents,P
AAZ,"Agriculture, forestry, fishing",2014Q2,9048,Actual,Kilotonnes,Carbon dioxide equivalents,P
AAZ,"Agriculture, forestry, fishing",2014Q3,9719,Actual,Kilotonnes,Carbon dioxide equivalents,P
AAZ,"Agriculture, forestry, fishing",2014Q4,11919,Actual,Kilotonnes,Carbon dioxide equivalents,P
AAZ,"Agriculture, forestry, fishing",2015Q1,12210,Actual,Kilotonnes,Carbon dioxide equivalents,P
AAZ,"Agriculture, forestry, fishing",2015Q2,8947,Actual,Kilotonnes,Carbon dioxide equivalents,P
AAZ,"Agriculture, forestry, fishing",2015Q3,9619,Actual,Kilotonnes,Carbon dioxide equivalents,P
AAZ,"Agriculture, forestry, fishing",2015Q4,11764,Actual,Kilotonnes,Carbon dioxide equivalents,P
AAZ,"Agriculture, forestry, fishing",2016Q1,12075,Actual,Kilotonnes,Carbon dioxide equivalents,P
AAZ,"Agriculture, forestry, fishing",2016Q2,8837,Actual,Kilotonnes,Carbon dioxide equivalents,P
AAZ,"Agriculture, forestry, fishing",2016Q3,9502,Actual,Kilotonnes,Carbon dioxide equivalents,P
AAZ,"Agriculture, forestry, fishing",2016Q4,11616,Actual,Kilotonnes,Carbon dioxide equivalents,P
AAZ,"Agriculture, forestry, fishing",2017Q1,12030,Actual,Kilotonnes,Carbon dioxide equivalents,P
AAZ,"Agriculture, forestry, fishing",2017Q2,8837,Actual,Kilotonnes,Carbon dioxide equivalents,P
AAZ,"Agriculture, forestry, fishing",2017Q3,9581,Actual,Kilotonnes,Carbon dioxide equivalents,P
AAZ,"Agriculture, forestry, fishing",2017Q4,11667,Actual,Kilotonnes,Carbon dioxide equivalents,P
AAZ,"Agriculture, forestry, fishing",2018Q1,12176,Actual,Kilotonnes,Carbon dioxide equivalents,P
AAZ,"Agriculture, forestry, fishing",2018Q2,8926,Actual,Kilotonnes,Carbon dioxide equivalents,P
AAZ,"Agriculture, forestry, fishing",2018Q3,9642,Actual,Kilotonnes,Carbon dioxide equivalents,P
AAZ,"Agriculture, forestry, fishing",2018Q4,11686,Actual,Kilotonnes,Carbon dioxide equivalents,P
AAZ,"Agriculture, forestry, fishing",2019Q1,12685,Actual,Kilotonnes,Carbon dioxide equivalents,P
AAZ,"Agriculture, forestry, fishing",2019Q2,9182,Actual,Kilotonnes,Carbon dioxide equivalents,P
AAZ,"Agriculture, forestry, fishing",2019Q3,9366,Actual,Kilotonnes,Carbon dioxide equivalents,P
AAZ,"Agriculture, forestry, fishing",2019Q4,11592,Actual,Kilotonnes,Carbon dioxide equivalents,P
AAZ,"Agriculture, forestry, fishing",2020Q1,12610,Actual,Kilotonnes,Carbon dioxide equivalents,P
AAZ,"Agriculture, forestry, fishing",2020Q2,9045,Actual,Kilotonnes,Carbon dioxide equivalents,P
AAZ,"Agriculture, forestry, fishing",2020Q3,9404,Actual,Kilotonnes,Carbon dioxide equivalents,P
AAZ,"Agriculture, forestry, fishing",2020Q4,11674,Actual,Kilotonnes,Carbon dioxide equivalents,P
AAZ,"Agriculture, forestry, fishing",2021Q1,12613,Actual,Kilotonnes,Carbon dioxide equivalents,P
AAZ,"Agriculture, forestry, fishing",2021Q2,9164,Actual,Kilotonnes,Carbon dioxide equivalents,P
AAZ,"Agriculture, forestry, fishing",2021Q3,9359,Actual,Kilotonnes,Carbon dioxide equivalents,P
AAZ,"Agriculture, forestry, fishing",2021Q4,11648,Actual,Kilotonnes,Carbon dioxide equivalents,P
AAZ,"Agriculture, forestry, fishing",2022Q1,12445,Actual,Kilotonnes,Carbon dioxide equivalents,P
AAZ,"Agriculture, forestry, fishing",2022Q2,8990,Actual,Kilotonnes,Carbon dioxide equivalents,P
AAZ,"Agriculture, forestry, fishing",2022Q3,9251,Actual,Kilotonnes,Carbon dioxide equivalents,P
BB1,Mining,2014Q1,407,Actual,Kilotonnes,Carbon dioxide equivalents,P
BB1,Mining,2014Q2,398,Actual,Kilotonnes,Carbon dioxide equivalents,P
BB1,Mining,2014Q3,408,Actual,Kilotonnes,Carbon dioxide equivalents,P
BB1,Mining,2014Q4,380,Actual,Kilotonnes,Carbon dioxide equivalents,P
BB1,Mining,2015Q1,389,Actual,Kilotonnes,Carbon dioxide equivalents,P
BB1,Mining,2015Q2,427,Actual,Kilotonnes,Carbon dioxide equivalents,P
BB1,Mining,2015Q3,446,Actual,Kilotonnes,Carbon dioxide equivalents,P
BB1,Mining,2015Q4,424,Actual,Kilotonnes,Carbon dioxide equivalents,P
BB1,Mining,2016Q1,403,Actual,Kilotonnes,Carbon dioxide equivalents,P
BB1,Mining,2016Q2,363,Actual,Kilotonnes,Carbon dioxide equivalents,P
BB1,Mining,2016Q3,398,Actual,Kilotonnes,Carbon dioxide equivalents,P
BB1,Mining,2016Q4,363,Actual,Kilotonnes,Carbon dioxide equivalents,P
BB1,Mining,2017Q1,356,Actual,Kilotonnes,Carbon dioxide equivalents,P
BB1,Mining,2017Q2,360,Actual,Kilotonnes,Carbon dioxide equivalents,P
BB1,Mining,2017Q3,364,Actual,Kilotonnes,Carbon dioxide equivalents,P
BB1,Mining,2017Q4,394,Actual,Kilotonnes,Carbon dioxide equivalents,P
BB1,Mining,2018Q1,375,Actual,Kilotonnes,Carbon dioxide equivalents,P
BB1,Mining,2018Q2,360,Actual,Kilotonnes,Carbon dioxide equivalents,P
BB1,Mining,2018Q3,341,Actual,Kilotonnes,Carbon dioxide equivalents,P
BB1,Mining,2018Q4,332,Actual,Kilotonnes,Carbon dioxide equivalents,P
BB1,Mining,2019Q1,350,Actual,Kilotonnes,Carbon dioxide equivalents,P
BB1,Mining,2019Q2,351,Actual,Kilotonnes,Carbon dioxide equivalents,P
BB1,Mining,2019Q3,355,Actual,Kilotonnes,Carbon dioxide equivalents,P
BB1,Mining,2019Q4,357,Actual,Kilotonnes,Carbon dioxide equivalents,P
BB1,Mining,2020Q1,339,Actual,Kilotonnes,Carbon dioxide equivalents,P
BB1,Mining,2020Q2,274,Actual,Kilotonnes,Carbon dioxide equivalents,P
BB1,Mining,2020Q3,308,Actual,Kilotonnes,Carbon dioxide equivalents,P
BB1,Mining,2020Q4,303,Actual,Kilotonnes,Carbon dioxide equivalents,P
BB1,Mining,2021Q1,307,Actual,Kilotonnes,Carbon dioxide equivalents,P
BB1,Mining,2021Q2,304,Actual,Kilotonnes,Carbon dioxide equivalents,P
BB1,Mining,2021Q3,295,Actual,Kilotonnes,Carbon dioxide equivalents,P
BB1,Mining,2021Q4,331,Actual,Kilotonnes,Carbon dioxide equivalents,P
BB1,Mining,2022Q1,343,Actual,Kilotonnes,Carbon dioxide equivalents,P
BB1,Mining,2022Q2,342,Actual,Kilotonnes,Carbon dioxide equivalents,P
BB1,Mining,2022Q3,354,Actual,Kilotonnes,Carbon dioxide equivalents,P
ZGZ,Goods-producing industries,2014Q1,5151,Actual,Kilotonnes,Carbon dioxide equivalents,P
ZGZ,Goods-producing industries,2014Q2,5191,Actual,Kilotonnes,Carbon dioxide equivalents,P
ZGZ,Goods-producing industries,2014Q3,5395,Actual,Kilotonnes,Carbon dioxide equivalents,P
ZGZ,Goods-producing industries,2014Q4,5870,Actual,Kilotonnes,Carbon dioxide equivalents,P
ZGZ,Goods-producing industries,2015Q1,5725,Actual,Kilotonnes,Carbon dioxide equivalents,P
ZGZ,Goods-producing industries,2015Q2,5004,Actual,Kilotonnes,Carbon dioxide equivalents,P
ZGZ,Goods-producing industries,2015Q3,5157,Actual,Kilotonnes,Carbon dioxide equivalents,P
ZGZ,Goods-producing industries,2015Q4,5351,Actual,Kilotonnes,Carbon dioxide equivalents,P
ZGZ,Goods-producing industries,2016Q1,5185,Actual,Kilotonnes,Carbon dioxide equivalents,P
ZGZ,Goods-producing industries,2016Q2,4848,Actual,Kilotonnes,Carbon dioxide equivalents,P
ZGZ,Goods-producing industries,2016Q3,4927,Actual,Kilotonnes,Carbon dioxide equivalents,P
ZGZ,Goods-producing industries,2016Q4,4742,Actual,Kilotonnes,Carbon dioxide equivalents,P
ZGZ,Goods-producing industries,2017Q1,4897,Actual,Kilotonnes,Carbon dioxide equivalents,P
ZGZ,Goods-producing industries,2017Q2,4960,Actual,Kilotonnes,Carbon dioxide equivalents,P
ZGZ,Goods-producing industries,2017Q3,5104,Actual,Kilotonnes,Carbon dioxide equivalents,P
ZGZ,Goods-producing industries,2017Q4,5484,Actual,Kilotonnes,Carbon dioxide equivalents,P
ZGZ,Goods-producing industries,2018Q1,5009,Actual,Kilotonnes,Carbon dioxide equivalents,P
ZGZ,Goods-producing industries,2018Q2,4708,Actual,Kilotonnes,Carbon dioxide equivalents,P
ZGZ,Goods-producing industries,2018Q3,5100,Actual,Kilotonnes,Carbon dioxide equivalents,P
ZGZ,Goods-producing industries,2018Q4,5570,Actual,Kilotonnes,Carbon dioxide equivalents,P
ZGZ,Goods-producing industries,2019Q1,5630,Actual,Kilotonnes,Carbon dioxide equivalents,P
ZGZ,Goods-producing industries,2019Q2,4987,Actual,Kilotonnes,Carbon dioxide equivalents,P
ZGZ,Goods-producing industries,2019Q3,5348,Actual,Kilotonnes,Carbon dioxide equivalents,P
ZGZ,Goods-producing industries,2019Q4,5505,Actual,Kilotonnes,Carbon dioxide equivalents,P
ZGZ,Goods-producing industries,2020Q1,5158,Actual,Kilotonnes,Carbon dioxide equivalents,P
ZGZ,Goods-producing industries,2020Q2,4634,Actual,Kilotonnes,Carbon dioxide equivalents,P
ZGZ,Goods-producing industries,2020Q3,5518,Actual,Kilotonnes,Carbon dioxide equivalents,P
ZGZ,Goods-producing industries,2020Q4,5309,Actual,Kilotonnes,Carbon dioxide equivalents,P
ZGZ,Goods-producing industries,2021Q1,5459,Actual,Kilotonnes,Carbon dioxide equivalents,P
ZGZ,Goods-producing industries,2021Q2,5522,Actual,Kilotonnes,Carbon dioxide equivalents,P
ZGZ,Goods-producing industries,2021Q3,4578,Actual,Kilotonnes,Carbon dioxide equivalents,P
ZGZ,Goods-producing industries,2021Q4,4600,Actual,Kilotonnes,Carbon dioxide equivalents,P
ZGZ,Goods-producing industries,2022Q1,4915,Actual,Kilotonnes,Carbon dioxide equivalents,P
ZGZ,Goods-producing industries,2022Q2,4578,Actual,Kilotonnes,Carbon dioxide equivalents,P
ZGZ,Goods-producing industries,2022Q3,3979,Actual,Kilotonnes,Carbon dioxide equivalents,P
CCZ,Manufacturing,2014Q1,2899,Actual,Kilotonnes,Carbon dioxide equivalents,P
CCZ,Manufacturing,2014Q2,2797,Actual,Kilotonnes,Carbon dioxide equivalents,P
CCZ,Manufacturing,2014Q3,3066,Actual,Kilotonnes,Carbon dioxide equivalents,P
CCZ,Manufacturing,2014Q4,3473,Actual,Kilotonnes,Carbon dioxide equivalents,P
CCZ,Manufacturing,2015Q1,3156,Actual,Kilotonnes,Carbon dioxide equivalents,P
CCZ,Manufacturing,2015Q2,2822,Actual,Kilotonnes,Carbon dioxide equivalents,P
CCZ,Manufacturing,2015Q3,2901,Actual,Kilotonnes,Carbon dioxide equivalents,P
CCZ,Manufacturing,2015Q4,3126,Actual,Kilotonnes,Carbon dioxide equivalents,P
CCZ,Manufacturing,2016Q1,2991,Actual,Kilotonnes,Carbon dioxide equivalents,P
CCZ,Manufacturing,2016Q2,2690,Actual,Kilotonnes,Carbon dioxide equivalents,P
CCZ,Manufacturing,2016Q3,2920,Actual,Kilotonnes,Carbon dioxide equivalents,P
CCZ,Manufacturing,2016Q4,2869,Actual,Kilotonnes,Carbon dioxide equivalents,P
CCZ,Manufacturing,2017Q1,2991,Actual,Kilotonnes,Carbon dioxide equivalents,P
CCZ,Manufacturing,2017Q2,2614,Actual,Kilotonnes,Carbon dioxide equivalents,P
CCZ,Manufacturing,2017Q3,2665,Actual,Kilotonnes,Carbon dioxide equivalents,P
CCZ,Manufacturing,2017Q4,3101,Actual,Kilotonnes,Carbon dioxide equivalents,P
CCZ,Manufacturing,2018Q1,2707,Actual,Kilotonnes,Carbon dioxide equivalents,P
CCZ,Manufacturing,2018Q2,2526,Actual,Kilotonnes,Carbon dioxide equivalents,P
CCZ,Manufacturing,2018Q3,2865,Actual,Kilotonnes,Carbon dioxide equivalents,P
CCZ,Manufacturing,2018Q4,3087,Actual,Kilotonnes,Carbon dioxide equivalents,P
CCZ,Manufacturing,2019Q1,3017,Actual,Kilotonnes,Carbon dioxide equivalents,P
CCZ,Manufacturing,2019Q2,2638,Actual,Kilotonnes,Carbon dioxide equivalents,P
CCZ,Manufacturing,2019Q3,2794,Actual,Kilotonnes,Carbon dioxide equivalents,P
CCZ,Manufacturing,2019Q4,3249,Actual,Kilotonnes,Carbon dioxide equivalents,P
CCZ,Manufacturing,2020Q1,2723,Actual,Kilotonnes,Carbon dioxide equivalents,P
CCZ,Manufacturing,2020Q2,2369,Actual,Kilotonnes,Carbon dioxide equivalents,P
CCZ,Manufacturing,2020Q3,2533,Actual,Kilotonnes,Carbon dioxide equivalents,P
CCZ,Manufacturing,2020Q4,2967,Actual,Kilotonnes,Carbon dioxide equivalents,P
CCZ,Manufacturing,2021Q1,2711,Actual,Kilotonnes,Carbon dioxide equivalents,P
CCZ,Manufacturing,2021Q2,2396,Actual,Kilotonnes,Carbon dioxide equivalents,P
CCZ,Manufacturing,2021Q3,2291,Actual,Kilotonnes,Carbon dioxide equivalents,P
CCZ,Manufacturing,2021Q4,2832,Actual,Kilotonnes,Carbon dioxide equivalents,P
CCZ,Manufacturing,2022Q1,2660,Actual,Kilotonnes,Carbon dioxide equivalents,P
CCZ,Manufacturing,2022Q2,2175,Actual,Kilotonnes,Carbon dioxide equivalents,P
CCZ,Manufacturing,2022Q3,2070,Actual,Kilotonnes,Carbon dioxide equivalents,P
DD1,"Electricity, gas, water, and waste services",2014Q1,2029,Actual,Kilotonnes,Carbon dioxide equivalents,P
DD1,"Electricity, gas, water, and waste services",2014Q2,2168,Actual,Kilotonnes,Carbon dioxide equivalents,P
DD1,"Electricity, gas, water, and waste services",2014Q3,2075,Actual,Kilotonnes,Carbon dioxide equivalents,P
DD1,"Electricity, gas, water, and waste services",2014Q4,2162,Actual,Kilotonnes,Carbon dioxide equivalents,P
DD1,"Electricity, gas, water, and waste services",2015Q1,2328,Actual,Kilotonnes,Carbon dioxide equivalents,P
DD1,"Electricity, gas, water, and waste services",2015Q2,1941,Actual,Kilotonnes,Carbon dioxide equivalents,P
DD1,"Electricity, gas, water, and waste services",2015Q3,2027,Actual,Kilotonnes,Carbon dioxide equivalents,P
DD1,"Electricity, gas, water, and waste services",2015Q4,1993,Actual,Kilotonnes,Carbon dioxide equivalents,P
DD1,"Electricity, gas, water, and waste services",2016Q1,1956,Actual,Kilotonnes,Carbon dioxide equivalents,P
DD1,"Electricity, gas, water, and waste services",2016Q2,1905,Actual,Kilotonnes,Carbon dioxide equivalents,P
DD1,"Electricity, gas, water, and waste services",2016Q3,1741,Actual,Kilotonnes,Carbon dioxide equivalents,P
DD1,"Electricity, gas, water, and waste services",2016Q4,1575,Actual,Kilotonnes,Carbon dioxide equivalents,P
DD1,"Electricity, gas, water, and waste services",2017Q1,1593,Actual,Kilotonnes,Carbon dioxide equivalents,P
DD1,"Electricity, gas, water, and waste services",2017Q2,2053,Actual,Kilotonnes,Carbon dioxide equivalents,P
DD1,"Electricity, gas, water, and waste services",2017Q3,2111,Actual,Kilotonnes,Carbon dioxide equivalents,P
DD1,"Electricity, gas, water, and waste services",2017Q4,2000,Actual,Kilotonnes,Carbon dioxide equivalents,P
DD1,"Electricity, gas, water, and waste services",2018Q1,1933,Actual,Kilotonnes,Carbon dioxide equivalents,P
DD1,"Electricity, gas, water, and waste services",2018Q2,1782,Actual,Kilotonnes,Carbon dioxide equivalents,P
DD1,"Electricity, gas, water, and waste services",2018Q3,1836,Actual,Kilotonnes,Carbon dioxide equivalents,P
DD1,"Electricity, gas, water, and waste services",2018Q4,2066,Actual,Kilotonnes,Carbon dioxide equivalents,P
DD1,"Electricity, gas, water, and waste services",2019Q1,2216,Actual,Kilotonnes,Carbon dioxide equivalents,P
DD1,"Electricity, gas, water, and waste services",2019Q2,1967,Actual,Kilotonnes,Carbon dioxide equivalents,P
DD1,"Electricity, gas, water, and waste services",2019Q3,2176,Actual,Kilotonnes,Carbon dioxide equivalents,P
DD1,"Electricity, gas, water, and waste services",2019Q4,1861,Actual,Kilotonnes,Carbon dioxide equivalents,P
DD1,"Electricity, gas, water, and waste services",2020Q1,2062,Actual,Kilotonnes,Carbon dioxide equivalents,P
DD1,"Electricity, gas, water, and waste services",2020Q2,1996,Actual,Kilotonnes,Carbon dioxide equivalents,P
DD1,"Electricity, gas, water, and waste services",2020Q3,2561,Actual,Kilotonnes,Carbon dioxide equivalents,P
DD1,"Electricity, gas, water, and waste services",2020Q4,1936,Actual,Kilotonnes,Carbon dioxide equivalents,P
DD1,"Electricity, gas, water, and waste services",2021Q1,2339,Actual,Kilotonnes,Carbon dioxide equivalents,P
DD1,"Electricity, gas, water, and waste services",2021Q2,2707,Actual,Kilotonnes,Carbon dioxide equivalents,P
DD1,"Electricity, gas, water, and waste services",2021Q3,1922,Actual,Kilotonnes,Carbon dioxide equivalents,P
DD1,"Electricity, gas, water, and waste services",2021Q4,1362,Actual,Kilotonnes,Carbon dioxide equivalents,P
DD1,"Electricity, gas, water, and waste services",2022Q1,1861,Actual,Kilotonnes,Carbon dioxide equivalents,P
DD1,"Electricity, gas, water, and waste services",2022Q2,2020,Actual,Kilotonnes,Carbon dioxide equivalents,P
DD1,"Electricity, gas, water, and waste services",2022Q3,1498,Actual,Kilotonnes,Carbon dioxide equivalents,P
EE1,Construction,2014Q1,223,Actual,Kilotonnes,Carbon dioxide equivalents,P
EE1,Construction,2014Q2,226,Actual,Kilotonnes,Carbon dioxide equivalents,P
EE1,Construction,2014Q3,254,Actual,Kilotonnes,Carbon dioxide equivalents,P
EE1,Construction,2014Q4,235,Actual,Kilotonnes,Carbon dioxide equivalents,P
EE1,Construction,2015Q1,240,Actual,Kilotonnes,Carbon dioxide equivalents,P
EE1,Construction,2015Q2,240,Actual,Kilotonnes,Carbon dioxide equivalents,P
EE1,Construction,2015Q3,229,Actual,Kilotonnes,Carbon dioxide equivalents,P
EE1,Construction,2015Q4,232,Actual,Kilotonnes,Carbon dioxide equivalents,P
EE1,Construction,2016Q1,238,Actual,Kilotonnes,Carbon dioxide equivalents,P
EE1,Construction,2016Q2,253,Actual,Kilotonnes,Carbon dioxide equivalents,P
EE1,Construction,2016Q3,266,Actual,Kilotonnes,Carbon dioxide equivalents,P
EE1,Construction,2016Q4,299,Actual,Kilotonnes,Carbon dioxide equivalents,P
EE1,Construction,2017Q1,314,Actual,Kilotonnes,Carbon dioxide equivalents,P
EE1,Construction,2017Q2,292,Actual,Kilotonnes,Carbon dioxide equivalents,P
EE1,Construction,2017Q3,328,Actual,Kilotonnes,Carbon dioxide equivalents,P
EE1,Construction,2017Q4,383,Actual,Kilotonnes,Carbon dioxide equivalents,P
EE1,Construction,2018Q1,370,Actual,Kilotonnes,Carbon dioxide equivalents,P
EE1,Construction,2018Q2,400,Actual,Kilotonnes,Carbon dioxide equivalents,P
EE1,Construction,2018Q3,399,Actual,Kilotonnes,Carbon dioxide equivalents,P
EE1,Construction,2018Q4,418,Actual,Kilotonnes,Carbon dioxide equivalents,P
EE1,Construction,2019Q1,396,Actual,Kilotonnes,Carbon dioxide equivalents,P
EE1,Construction,2019Q2,383,Actual,Kilotonnes,Carbon dioxide equivalents,P
EE1,Construction,2019Q3,378,Actual,Kilotonnes,Carbon dioxide equivalents,P
EE1,Construction,2019Q4,396,Actual,Kilotonnes,Carbon dioxide equivalents,P
EE1,Construction,2020Q1,372,Actual,Kilotonnes,Carbon dioxide equivalents,P
EE1,Construction,2020Q2,268,Actual,Kilotonnes,Carbon dioxide equivalents,P
EE1,Construction,2020Q3,424,Actual,Kilotonnes,Carbon dioxide equivalents,P
EE1,Construction,2020Q4,406,Actual,Kilotonnes,Carbon dioxide equivalents,P
EE1,Construction,2021Q1,409,Actual,Kilotonnes,Carbon dioxide equivalents,P
EE1,Construction,2021Q2,419,Actual,Kilotonnes,Carbon dioxide equivalents,P
EE1,Construction,2021Q3,366,Actual,Kilotonnes,Carbon dioxide equivalents,P
EE1,Construction,2021Q4,406,Actual,Kilotonnes,Carbon dioxide equivalents,P
EE1,Construction,2022Q1,394,Actual,Kilotonnes,Carbon dioxide equivalents,P
EE1,Construction,2022Q2,383,Actual,Kilotonnes,Carbon dioxide equivalents,P
EE1,Construction,2022Q3,412,Actual,Kilotonnes,Carbon dioxide equivalents,P
ZSZ,Service industries,2014Q1,2078,Actual,Kilotonnes,Carbon dioxide equivalents,P
ZSZ,Service industries,2014Q2,2023,Actual,Kilotonnes,Carbon dioxide equivalents,P
ZSZ,Service industries,2014Q3,2175,Actual,Kilotonnes,Carbon dioxide equivalents,P
ZSZ,Service industries,2014Q4,2148,Actual,Kilotonnes,Carbon dioxide equivalents,P
ZSZ,Service industries,2015Q1,2203,Actual,Kilotonnes,Carbon dioxide equivalents,P
ZSZ,Service industries,2015Q2,2183,Actual,Kilotonnes,Carbon dioxide equivalents,P
ZSZ,Service industries,2015Q3,2270,Actual,Kilotonnes,Carbon dioxide equivalents,P
ZSZ,Service industries,2015Q4,2284,Actual,Kilotonnes,Carbon dioxide equivalents,P
ZSZ,Service industries,2016Q1,2243,Actual,Kilotonnes,Carbon dioxide equivalents,P
ZSZ,Service industries,2016Q2,2181,Actual,Kilotonnes,Carbon dioxide equivalents,P
ZSZ,Service industries,2016Q3,2364,Actual,Kilotonnes,Carbon dioxide equivalents,P
ZSZ,Service industries,2016Q4,2310,Actual,Kilotonnes,Carbon dioxide equivalents,P
ZSZ,Service industries,2017Q1,2356,Actual,Kilotonnes,Carbon dioxide equivalents,P
ZSZ,Service industries,2017Q2,2307,Actual,Kilotonnes,Carbon dioxide equivalents,P
ZSZ,Service industries,2017Q3,2438,Actual,Kilotonnes,Carbon dioxide equivalents,P
ZSZ,Service industries,2017Q4,2399,Actual,Kilotonnes,Carbon dioxide equivalents,P
ZSZ,Service industries,2018Q1,2469,Actual,Kilotonnes,Carbon dioxide equivalents,P
ZSZ,Service industries,2018Q2,2351,Actual,Kilotonnes,Carbon dioxide equivalents,P
ZSZ,Service industries,2018Q3,2370,Actual,Kilotonnes,Carbon dioxide equivalents,P
ZSZ,Service industries,2018Q4,2479,Actual,Kilotonnes,Carbon dioxide equivalents,P
ZSZ,Service industries,2019Q1,2448,Actual,Kilotonnes,Carbon dioxide equivalents,P
ZSZ,Service industries,2019Q2,2390,Actual,Kilotonnes,Carbon dioxide equivalents,P
ZSZ,Service industries,2019Q3,2505,Actual,Kilotonnes,Carbon dioxide equivalents,P
ZSZ,Service industries,2019Q4,2520,Actual,Kilotonnes,Carbon dioxide equivalents,P
ZSZ,Service industries,2020Q1,2413,Actual,Kilotonnes,Carbon dioxide equivalents,P
ZSZ,Service industries,2020Q2,1466,Actual,Kilotonnes,Carbon dioxide equivalents,P
ZSZ,Service industries,2020Q3,1755,Actual,Kilotonnes,Carbon dioxide equivalents,P
ZSZ,Service industries,2020Q4,1867,Actual,Kilotonnes,Carbon dioxide equivalents,P
ZSZ,Service industries,2021Q1,1797,Actual,Kilotonnes,Carbon dioxide equivalents,P
ZSZ,Service industries,2021Q2,1920,Actual,Kilotonnes,Carbon dioxide equivalents,P
ZSZ,Service industries,2021Q3,1731,Actual,Kilotonnes,Carbon dioxide equivalents,P
ZSZ,Service industries,2021Q4,1803,Actual,Kilotonnes,Carbon dioxide equivalents,P
ZSZ,Service industries,2022Q1,1864,Actual,Kilotonnes,Carbon dioxide equivalents,P
ZSZ,Service industries,2022Q2,1911,Actual,Kilotonnes,Carbon dioxide equivalents,P
ZSZ,Service industries,2022Q3,2081,Actual,Kilotonnes,Carbon dioxide equivalents,P
II1,"Transport, postal, and warehousing",2014Q1,1496,Actual,Kilotonnes,Carbon dioxide equivalents,P
II1,"Transport, postal, and warehousing",2014Q2,1392,Actual,Kilotonnes,Carbon dioxide equivalents,P
II1,"Transport, postal, and warehousing",2014Q3,1512,Actual,Kilotonnes,Carbon dioxide equivalents,P
II1,"Transport, postal, and warehousing",2014Q4,1525,Actual,Kilotonnes,Carbon dioxide equivalents,P
II1,"Transport, postal, and warehousing",2015Q1,1635,Actual,Kilotonnes,Carbon dioxide equivalents,P
II1,"Transport, postal, and warehousing",2015Q2,1563,Actual,Kilotonnes,Carbon dioxide equivalents,P
II1,"Transport, postal, and warehousing",2015Q3,1609,Actual,Kilotonnes,Carbon dioxide equivalents,P
II1,"Transport, postal, and warehousing",2015Q4,1667,Actual,Kilotonnes,Carbon dioxide equivalents,P
II1,"Transport, postal, and warehousing",2016Q1,1664,Actual,Kilotonnes,Carbon dioxide equivalents,P
II1,"Transport, postal, and warehousing",2016Q2,1546,Actual,Kilotonnes,Carbon dioxide equivalents,P
II1,"Transport, postal, and warehousing",2016Q3,1681,Actual,Kilotonnes,Carbon dioxide equivalents,P
II1,"Transport, postal, and warehousing",2016Q4,1691,Actual,Kilotonnes,Carbon dioxide equivalents,P
II1,"Transport, postal, and warehousing",2017Q1,1765,Actual,Kilotonnes,Carbon dioxide equivalents,P
II1,"Transport, postal, and warehousing",2017Q2,1654,Actual,Kilotonnes,Carbon dioxide equivalents,P
II1,"Transport, postal, and warehousing",2017Q3,1767,Actual,Kilotonnes,Carbon dioxide equivalents,P
II1,"Transport, postal, and warehousing",2017Q4,1763,Actual,Kilotonnes,Carbon dioxide equivalents,P
II1,"Transport, postal, and warehousing",2018Q1,1909,Actual,Kilotonnes,Carbon dioxide equivalents,P
II1,"Transport, postal, and warehousing",2018Q2,1718,Actual,Kilotonnes,Carbon dioxide equivalents,P
II1,"Transport, postal, and warehousing",2018Q3,1728,Actual,Kilotonnes,Carbon dioxide equivalents,P
II1,"Transport, postal, and warehousing",2018Q4,1871,Actual,Kilotonnes,Carbon dioxide equivalents,P
II1,"Transport, postal, and warehousing",2019Q1,1835,Actual,Kilotonnes,Carbon dioxide equivalents,P
II1,"Transport, postal, and warehousing",2019Q2,1722,Actual,Kilotonnes,Carbon dioxide equivalents,P
II1,"Transport, postal, and warehousing",2019Q3,1760,Actual,Kilotonnes,Carbon dioxide equivalents,P
II1,"Transport, postal, and warehousing",2019Q4,1832,Actual,Kilotonnes,Carbon dioxide equivalents,P
II1,"Transport, postal, and warehousing",2020Q1,1791,Actual,Kilotonnes,Carbon dioxide equivalents,P
II1,"Transport, postal, and warehousing",2020Q2,880,Actual,Kilotonnes,Carbon dioxide equivalents,P
II1,"Transport, postal, and warehousing",2020Q3,1048,Actual,Kilotonnes,Carbon dioxide equivalents,P
II1,"Transport, postal, and warehousing",2020Q4,1184,Actual,Kilotonnes,Carbon dioxide equivalents,P
II1,"Transport, postal, and warehousing",2021Q1,1175,Actual,Kilotonnes,Carbon dioxide equivalents,P
II1,"Transport, postal, and warehousing",2021Q2,1239,Actual,Kilotonnes,Carbon dioxide equivalents,P
II1,"Transport, postal, and warehousing",2021Q3,1049,Actual,Kilotonnes,Carbon dioxide equivalents,P
II1,"Transport, postal, and warehousing",2021Q4,1148,Actual,Kilotonnes,Carbon dioxide equivalents,P
II1,"Transport, postal, and warehousing",2022Q1,1194,Actual,Kilotonnes,Carbon dioxide equivalents,P
II1,"Transport, postal, and warehousing",2022Q2,1202,Actual,Kilotonnes,Carbon dioxide equivalents,P
II1,"Transport, postal, and warehousing",2022Q3,1374,Actual,Kilotonnes,Carbon dioxide equivalents,P
ZSX,"Services excluding transport, postal, and warehousing",2014Q1,582,Actual,Kilotonnes,Carbon dioxide equivalents,P
ZSX,"Services excluding transport, postal, and warehousing",2014Q2,631,Actual,Kilotonnes,Carbon dioxide equivalents,P
ZSX,"Services excluding transport, postal, and warehousing",2014Q3,663,Actual,Kilotonnes,Carbon dioxide equivalents,P
ZSX,"Services excluding transport, postal, and warehousing",2014Q4,623,Actual,Kilotonnes,Carbon dioxide equivalents,P
ZSX,"Services excluding transport, postal, and warehousing",2015Q1,568,Actual,Kilotonnes,Carbon dioxide equivalents,P
ZSX,"Services excluding transport, postal, and warehousing",2015Q2,620,Actual,Kilotonnes,Carbon dioxide equivalents,P
ZSX,"Services excluding transport, postal, and warehousing",2015Q3,661,Actual,Kilotonnes,Carbon dioxide equivalents,P
ZSX,"Services excluding transport, postal, and warehousing",2015Q4,617,Actual,Kilotonnes,Carbon dioxide equivalents,P
ZSX,"Services excluding transport, postal, and warehousing",2016Q1,579,Actual,Kilotonnes,Carbon dioxide equivalents,P
ZSX,"Services excluding transport, postal, and warehousing",2016Q2,635,Actual,Kilotonnes,Carbon dioxide equivalents,P
ZSX,"Services excluding transport, postal, and warehousing",2016Q3,683,Actual,Kilotonnes,Carbon dioxide equivalents,P
ZSX,"Services excluding transport, postal, and warehousing",2016Q4,619,Actual,Kilotonnes,Carbon dioxide equivalents,P
ZSX,"Services excluding transport, postal, and warehousing",2017Q1,591,Actual,Kilotonnes,Carbon dioxide equivalents,P
ZSX,"Services excluding transport, postal, and warehousing",2017Q2,652,Actual,Kilotonnes,Carbon dioxide equivalents,P
ZSX,"Services excluding transport, postal, and warehousing",2017Q3,671,Actual,Kilotonnes,Carbon dioxide equivalents,P
ZSX,"Services excluding transport, postal, and warehousing",2017Q4,635,Actual,Kilotonnes,Carbon dioxide equivalents,P
ZSX,"Services excluding transport, postal, and warehousing",2018Q1,560,Actual,Kilotonnes,Carbon dioxide equivalents,P
ZSX,"Services excluding transport, postal, and warehousing",2018Q2,633,Actual,Kilotonnes,Carbon dioxide equivalents,P
ZSX,"Services excluding transport, postal, and warehousing",2018Q3,642,Actual,Kilotonnes,Carbon dioxide equivalents,P
ZSX,"Services excluding transport, postal, and warehousing",2018Q4,608,Actual,Kilotonnes,Carbon dioxide equivalents,P
ZSX,"Services excluding transport, postal, and warehousing",2019Q1,613,Actual,Kilotonnes,Carbon dioxide equivalents,P
ZSX,"Services excluding transport, postal, and warehousing",2019Q2,668,Actual,Kilotonnes,Carbon dioxide equivalents,P
ZSX,"Services excluding transport, postal, and warehousing",2019Q3,745,Actual,Kilotonnes,Carbon dioxide equivalents,P
ZSX,"Services excluding transport, postal, and warehousing",2019Q4,687,Actual,Kilotonnes,Carbon dioxide equivalents,P
ZSX,"Services excluding transport, postal, and warehousing",2020Q1,623,Actual,Kilotonnes,Carbon dioxide equivalents,P
ZSX,"Services excluding transport, postal, and warehousing",2020Q2,586,Actual,Kilotonnes,Carbon dioxide equivalents,P
ZSX,"Services excluding transport, postal, and warehousing",2020Q3,707,Actual,Kilotonnes,Carbon dioxide equivalents,P
ZSX,"Services excluding transport, postal, and warehousing",2020Q4,682,Actual,Kilotonnes,Carbon dioxide equivalents,P
ZSX,"Services excluding transport, postal, and warehousing",2021Q1,621,Actual,Kilotonnes,Carbon dioxide equivalents,P
ZSX,"Services excluding transport, postal, and warehousing",2021Q2,681,Actual,Kilotonnes,Carbon dioxide equivalents,P
ZSX,"Services excluding transport, postal, and warehousing",2021Q3,682,Actual,Kilotonnes,Carbon dioxide equivalents,P
ZSX,"Services excluding transport, postal, and warehousing",2021Q4,654,Actual,Kilotonnes,Carbon dioxide equivalents,P
ZSX,"Services excluding transport, postal, and warehousing",2022Q1,671,Actual,Kilotonnes,Carbon dioxide equivalents,P
ZSX,"Services excluding transport, postal, and warehousing",2022Q2,710,Actual,Kilotonnes,Carbon dioxide equivalents,P
ZSX,"Services excluding transport, postal, and warehousing",2022Q3,707,Actual,Kilotonnes,Carbon dioxide equivalents,P
ZZ9,Total industry,2014Q1,20110,Actual,Kilotonnes,Carbon dioxide equivalents,P
ZZ9,Total industry,2014Q2,16660,Actual,Kilotonnes,Carbon dioxide equivalents,P
ZZ9,Total industry,2014Q3,17697,Actual,Kilotonnes,Carbon dioxide equivalents,P
ZZ9,Total industry,2014Q4,20318,Actual,Kilotonnes,Carbon dioxide equivalents,P
ZZ9,Total industry,2015Q1,20526,Actual,Kilotonnes,Carbon dioxide equivalents,P
ZZ9,Total industry,2015Q2,16560,Actual,Kilotonnes,Carbon dioxide equivalents,P
ZZ9,Total industry,2015Q3,17491,Actual,Kilotonnes,Carbon dioxide equivalents,P
ZZ9,Total industry,2015Q4,19823,Actual,Kilotonnes,Carbon dioxide equivalents,P
ZZ9,Total industry,2016Q1,19907,Actual,Kilotonnes,Carbon dioxide equivalents,P
ZZ9,Total industry,2016Q2,16229,Actual,Kilotonnes,Carbon dioxide equivalents,P
ZZ9,Total industry,2016Q3,17190,Actual,Kilotonnes,Carbon dioxide equivalents,P
ZZ9,Total industry,2016Q4,19031,Actual,Kilotonnes,Carbon dioxide equivalents,P
ZZ9,Total industry,2017Q1,19639,Actual,Kilotonnes,Carbon dioxide equivalents,P
ZZ9,Total industry,2017Q2,16464,Actual,Kilotonnes,Carbon dioxide equivalents,P
ZZ9,Total industry,2017Q3,17488,Actual,Kilotonnes,Carbon dioxide equivalents,P
ZZ9,Total industry,2017Q4,19944,Actual,Kilotonnes,Carbon dioxide equivalents,P
ZZ9,Total industry,2018Q1,20029,Actual,Kilotonnes,Carbon dioxide equivalents,P
ZZ9,Total industry,2018Q2,16346,Actual,Kilotonnes,Carbon dioxide equivalents,P
ZZ9,Total industry,2018Q3,17453,Actual,Kilotonnes,Carbon dioxide equivalents,P
ZZ9,Total industry,2018Q4,20068,Actual,Kilotonnes,Carbon dioxide equivalents,P
ZZ9,Total industry,2019Q1,21113,Actual,Kilotonnes,Carbon dioxide equivalents,P
ZZ9,Total industry,2019Q2,16910,Actual,Kilotonnes,Carbon dioxide equivalents,P
ZZ9,Total industry,2019Q3,17573,Actual,Kilotonnes,Carbon dioxide equivalents,P
ZZ9,Total industry,2019Q4,19974,Actual,Kilotonnes,Carbon dioxide equivalents,P
ZZ9,Total industry,2020Q1,20520,Actual,Kilotonnes,Carbon dioxide equivalents,P
ZZ9,Total industry,2020Q2,15419,Actual,Kilotonnes,Carbon dioxide equivalents,P
ZZ9,Total industry,2020Q3,16985,Actual,Kilotonnes,Carbon dioxide equivalents,P
ZZ9,Total industry,2020Q4,19153,Actual,Kilotonnes,Carbon dioxide equivalents,P
ZZ9,Total industry,2021Q1,20176,Actual,Kilotonnes,Carbon dioxide equivalents,P
ZZ9,Total industry,2021Q2,16910,Actual,Kilotonnes,Carbon dioxide equivalents,P
ZZ9,Total industry,2021Q3,15962,Actual,Kilotonnes,Carbon dioxide equivalents,P
ZZ9,Total industry,2021Q4,18381,Actual,Kilotonnes,Carbon dioxide equivalents,P
ZZ9,Total industry,2022Q1,19567,Actual,Kilotonnes,Carbon dioxide equivalents,P
ZZ9,Total industry,2022Q2,15821,Actual,Kilotonnes,Carbon dioxide equivalents,P
ZZ9,Total industry,2022Q3,15666,Actual,Kilotonnes,Carbon dioxide equivalents,P
HHD,Households,2014Q1,1916,Actual,Kilotonnes,Carbon dioxide equivalents,P
HHD,Households,2014Q2,1994,Actual,Kilotonnes,Carbon dioxide equivalents,P
HHD,Households,2014Q3,2075,Actual,Kilotonnes,Carbon dioxide equivalents,P
HHD,Households,2014Q4,2053,Actual,Kilotonnes,Carbon dioxide equivalents,P
HHD,Households,2015Q1,2023,Actual,Kilotonnes,Carbon dioxide equivalents,P
HHD,Households,2015Q2,2083,Actual,Kilotonnes,Carbon dioxide equivalents,P
HHD,Households,2015Q3,2145,Actual,Kilotonnes,Carbon dioxide equivalents,P
HHD,Households,2015Q4,2165,Actual,Kilotonnes,Carbon dioxide equivalents,P
HHD,Households,2016Q1,2068,Actual,Kilotonnes,Carbon dioxide equivalents,P
HHD,Households,2016Q2,2100,Actual,Kilotonnes,Carbon dioxide equivalents,P
HHD,Households,2016Q3,2182,Actual,Kilotonnes,Carbon dioxide equivalents,P
HHD,Households,2016Q4,2214,Actual,Kilotonnes,Carbon dioxide equivalents,P
HHD,Households,2017Q1,2171,Actual,Kilotonnes,Carbon dioxide equivalents,P
HHD,Households,2017Q2,2250,Actual,Kilotonnes,Carbon dioxide equivalents,P
HHD,Households,2017Q3,2249,Actual,Kilotonnes,Carbon dioxide equivalents,P
HHD,Households,2017Q4,2269,Actual,Kilotonnes,Carbon dioxide equivalents,P
HHD,Households,2018Q1,2156,Actual,Kilotonnes,Carbon dioxide equivalents,P
HHD,Households,2018Q2,2226,Actual,Kilotonnes,Carbon dioxide equivalents,P
HHD,Households,2018Q3,2239,Actual,Kilotonnes,Carbon dioxide equivalents,P
HHD,Households,2018Q4,2339,Actual,Kilotonnes,Carbon dioxide equivalents,P
HHD,Households,2019Q1,2170,Actual,Kilotonnes,Carbon dioxide equivalents,P
HHD,Households,2019Q2,2227,Actual,Kilotonnes,Carbon dioxide equivalents,P
HHD,Households,2019Q3,2232,Actual,Kilotonnes,Carbon dioxide equivalents,P
HHD,Households,2019Q4,2231,Actual,Kilotonnes,Carbon dioxide equivalents,P
HHD,Households,2020Q1,2046,Actual,Kilotonnes,Carbon dioxide equivalents,P
HHD,Households,2020Q2,1544,Actual,Kilotonnes,Carbon dioxide equivalents,P
HHD,Households,2020Q3,2116,Actual,Kilotonnes,Carbon dioxide equivalents,P
HHD,Households,2020Q4,2215,Actual,Kilotonnes,Carbon dioxide equivalents,P
HHD,Households,2021Q1,2058,Actual,Kilotonnes,Carbon dioxide equivalents,P
HHD,Households,2021Q2,2146,Actual,Kilotonnes,Carbon dioxide equivalents,P
HHD,Households,2021Q3,1870,Actual,Kilotonnes,Carbon dioxide equivalents,P
HHD,Households,2021Q4,2012,Actual,Kilotonnes,Carbon dioxide equivalents,P
HHD,Households,2022Q1,1967,Actual,Kilotonnes,Carbon dioxide equivalents,P
HHD,Households,2022Q2,2027,Actual,Kilotonnes,Carbon dioxide equivalents,P
HHD,Households,2022Q3,2105,Actual,Kilotonnes,Carbon dioxide equivalents,P
HH1,Transport,2014Q1,1758,Actual,Kilotonnes,Carbon dioxide equivalents,P
HH1,Transport,2014Q2,1768,Actual,Kilotonnes,Carbon dioxide equivalents,P
HH1,Transport,2014Q3,1788,Actual,Kilotonnes,Carbon dioxide equivalents,P
HH1,Transport,2014Q4,1849,Actual,Kilotonnes,Carbon dioxide equivalents,P
HH1,Transport,2015Q1,1863,Actual,Kilotonnes,Carbon dioxide equivalents,P
HH1,Transport,2015Q2,1841,Actual,Kilotonnes,Carbon dioxide equivalents,P
HH1,Transport,2015Q3,1830,Actual,Kilotonnes,Carbon dioxide equivalents,P
HH1,Transport,2015Q4,1956,Actual,Kilotonnes,Carbon dioxide equivalents,P
HH1,Transport,2016Q1,1904,Actual,Kilotonnes,Carbon dioxide equivalents,P
HH1,Transport,2016Q2,1871,Actual,Kilotonnes,Carbon dioxide equivalents,P
HH1,Transport,2016Q3,1888,Actual,Kilotonnes,Carbon dioxide equivalents,P
HH1,Transport,2016Q4,1999,Actual,Kilotonnes,Carbon dioxide equivalents,P
HH1,Transport,2017Q1,1990,Actual,Kilotonnes,Carbon dioxide equivalents,P
HH1,Transport,2017Q2,2004,Actual,Kilotonnes,Carbon dioxide equivalents,P
HH1,Transport,2017Q3,1942,Actual,Kilotonnes,Carbon dioxide equivalents,P
HH1,Transport,2017Q4,2065,Actual,Kilotonnes,Carbon dioxide equivalents,P
HH1,Transport,2018Q1,1982,Actual,Kilotonnes,Carbon dioxide equivalents,P
HH1,Transport,2018Q2,1975,Actual,Kilotonnes,Carbon dioxide equivalents,P
HH1,Transport,2018Q3,1939,Actual,Kilotonnes,Carbon dioxide equivalents,P
HH1,Transport,2018Q4,2124,Actual,Kilotonnes,Carbon dioxide equivalents,P
HH1,Transport,2019Q1,2004,Actual,Kilotonnes,Carbon dioxide equivalents,P
HH1,Transport,2019Q2,1979,Actual,Kilotonnes,Carbon dioxide equivalents,P
HH1,Transport,2019Q3,1925,Actual,Kilotonnes,Carbon dioxide equivalents,P
HH1,Transport,2019Q4,2010,Actual,Kilotonnes,Carbon dioxide equivalents,P
HH1,Transport,2020Q1,1871,Actual,Kilotonnes,Carbon dioxide equivalents,P
HH1,Transport,2020Q2,1306,Actual,Kilotonnes,Carbon dioxide equivalents,P
HH1,Transport,2020Q3,1807,Actual,Kilotonnes,Carbon dioxide equivalents,P
HH1,Transport,2020Q4,2002,Actual,Kilotonnes,Carbon dioxide equivalents,P
HH1,Transport,2021Q1,1891,Actual,Kilotonnes,Carbon dioxide equivalents,P
HH1,Transport,2021Q2,1905,Actual,Kilotonnes,Carbon dioxide equivalents,P
HH1,Transport,2021Q3,1563,Actual,Kilotonnes,Carbon dioxide equivalents,P
HH1,Transport,2021Q4,1803,Actual,Kilotonnes,Carbon dioxide equivalents,P
HH1,Transport,2022Q1,1804,Actual,Kilotonnes,Carbon dioxide equivalents,P
HH1,Transport,2022Q2,1805,Actual,Kilotonnes,Carbon dioxide equivalents,P
HH1,Transport,2022Q3,1823,Actual,Kilotonnes,Carbon dioxide equivalents,P
HH2,Heating/cooling,2014Q1,99,Actual,Kilotonnes,Carbon dioxide equivalents,P
HH2,Heating/cooling,2014Q2,165,Actual,Kilotonnes,Carbon dioxide equivalents,P
HH2,Heating/cooling,2014Q3,225,Actual,Kilotonnes,Carbon dioxide equivalents,P
HH2,Heating/cooling,2014Q4,142,Actual,Kilotonnes,Carbon dioxide equivalents,P
HH2,Heating/cooling,2015Q1,96,Actual,Kilotonnes,Carbon dioxide equivalents,P
HH2,Heating/cooling,2015Q2,175,Actual,Kilotonnes,Carbon dioxide equivalents,P
HH2,Heating/cooling,2015Q3,245,Actual,Kilotonnes,Carbon dioxide equivalents,P
HH2,Heating/cooling,2015Q4,145,Actual,Kilotonnes,Carbon dioxide equivalents,P
HH2,Heating/cooling,2016Q1,95,Actual,Kilotonnes,Carbon dioxide equivalents,P
HH2,Heating/cooling,2016Q2,164,Actual,Kilotonnes,Carbon dioxide equivalents,P
HH2,Heating/cooling,2016Q3,229,Actual,Kilotonnes,Carbon dioxide equivalents,P
HH2,Heating/cooling,2016Q4,147,Actual,Kilotonnes,Carbon dioxide equivalents,P
HH2,Heating/cooling,2017Q1,113,Actual,Kilotonnes,Carbon dioxide equivalents,P
HH2,Heating/cooling,2017Q2,180,Actual,Kilotonnes,Carbon dioxide equivalents,P
HH2,Heating/cooling,2017Q3,239,Actual,Kilotonnes,Carbon dioxide equivalents,P
HH2,Heating/cooling,2017Q4,137,Actual,Kilotonnes,Carbon dioxide equivalents,P
HH2,Heating/cooling,2018Q1,108,Actual,Kilotonnes,Carbon dioxide equivalents,P
HH2,Heating/cooling,2018Q2,183,Actual,Kilotonnes,Carbon dioxide equivalents,P
HH2,Heating/cooling,2018Q3,234,Actual,Kilotonnes,Carbon dioxide equivalents,P
HH2,Heating/cooling,2018Q4,147,Actual,Kilotonnes,Carbon dioxide equivalents,P
HH2,Heating/cooling,2019Q1,99,Actual,Kilotonnes,Carbon dioxide equivalents,P
HH2,Heating/cooling,2019Q2,182,Actual,Kilotonnes,Carbon dioxide equivalents,P
HH2,Heating/cooling,2019Q3,242,Actual,Kilotonnes,Carbon dioxide equivalents,P
HH2,Heating/cooling,2019Q4,156,Actual,Kilotonnes,Carbon dioxide equivalents,P
HH2,Heating/cooling,2020Q1,112,Actual,Kilotonnes,Carbon dioxide equivalents,P
HH2,Heating/cooling,2020Q2,177,Actual,Kilotonnes,Carbon dioxide equivalents,P
HH2,Heating/cooling,2020Q3,249,Actual,Kilotonnes,Carbon dioxide equivalents,P
HH2,Heating/cooling,2020Q4,152,Actual,Kilotonnes,Carbon dioxide equivalents,P
HH2,Heating/cooling,2021Q1,106,Actual,Kilotonnes,Carbon dioxide equivalents,P
HH2,Heating/cooling,2021Q2,180,Actual,Kilotonnes,Carbon dioxide equivalents,P
HH2,Heating/cooling,2021Q3,247,Actual,Kilotonnes,Carbon dioxide equivalents,P
HH2,Heating/cooling,2021Q4,150,Actual,Kilotonnes,Carbon dioxide equivalents,P
HH2,Heating/cooling,2022Q1,103,Actual,Kilotonnes,Carbon dioxide equivalents,P
HH2,Heating/cooling,2022Q2,163,Actual,Kilotonnes,Carbon dioxide equivalents,P
HH2,Heating/cooling,2022Q3,224,Actual,Kilotonnes,Carbon dioxide equivalents,P
HH3,Other,2014Q1,60,Actual,Kilotonnes,Carbon dioxide equivalents,P
HH3,Other,2014Q2,61,Actual,Kilotonnes,Carbon dioxide equivalents,P
HH3,Other,2014Q3,62,Actual,Kilotonnes,Carbon dioxide equivalents,P
HH3,Other,2014Q4,62,Actual,Kilotonnes,Carbon dioxide equivalents,P
HH3,Other,2015Q1,63,Actual,Kilotonnes,Carbon dioxide equivalents,P
HH3,Other,2015Q2,67,Actual,Kilotonnes,Carbon dioxide equivalents,P
HH3,Other,2015Q3,70,Actual,Kilotonnes,Carbon dioxide equivalents,P
HH3,Other,2015Q4,64,Actual,Kilotonnes,Carbon dioxide equivalents,P
HH3,Other,2016Q1,69,Actual,Kilotonnes,Carbon dioxide equivalents,P
HH3,Other,2016Q2,66,Actual,Kilotonnes,Carbon dioxide equivalents,P
HH3,Other,2016Q3,65,Actual,Kilotonnes,Carbon dioxide equivalents,P
HH3,Other,2016Q4,68,Actual,Kilotonnes,Carbon dioxide equivalents,P
HH3,Other,2017Q1,68,Actual,Kilotonnes,Carbon dioxide equivalents,P
HH3,Other,2017Q2,66,Actual,Kilotonnes,Carbon dioxide equivalents,P
HH3,Other,2017Q3,68,Actual,Kilotonnes,Carbon dioxide equivalents,P
HH3,Other,2017Q4,67,Actual,Kilotonnes,Carbon dioxide equivalents,P
HH3,Other,2018Q1,66,Actual,Kilotonnes,Carbon dioxide equivalents,P
HH3,Other,2018Q2,68,Actual,Kilotonnes,Carbon dioxide equivalents,P
HH3,Other,2018Q3,66,Actual,Kilotonnes,Carbon dioxide equivalents,P
HH3,Other,2018Q4,68,Actual,Kilotonnes,Carbon dioxide equivalents,P
HH3,Other,2019Q1,67,Actual,Kilotonnes,Carbon dioxide equivalents,P
HH3,Other,2019Q2,66,Actual,Kilotonnes,Carbon dioxide equivalents,P
HH3,Other,2019Q3,65,Actual,Kilotonnes,Carbon dioxide equivalents,P
HH3,Other,2019Q4,65,Actual,Kilotonnes,Carbon dioxide equivalents,P
HH3,Other,2020Q1,63,Actual,Kilotonnes,Carbon dioxide equivalents,P
HH3,Other,2020Q2,62,Actual,Kilotonnes,Carbon dioxide equivalents,P
HH3,Other,2020Q3,61,Actual,Kilotonnes,Carbon dioxide equivalents,P
HH3,Other,2020Q4,61,Actual,Kilotonnes,Carbon dioxide equivalents,P
HH3,Other,2021Q1,61,Actual,Kilotonnes,Carbon dioxide equivalents,P
HH3,Other,2021Q2,60,Actual,Kilotonnes,Carbon dioxide equivalents,P
HH3,Other,2021Q3,60,Actual,Kilotonnes,Carbon dioxide equivalents,P
HH3,Other,2021Q4,59,Actual,Kilotonnes,Carbon dioxide equivalents,P
HH3,Other,2022Q1,59,Actual,Kilotonnes,Carbon dioxide equivalents,P
HH3,Other,2022Q2,59,Actual,Kilotonnes,Carbon dioxide equivalents,P
HH3,Other,2022Q3,58,Actual,Kilotonnes,Carbon dioxide equivalents,P
ZZZ,Total,2014Q1,22027,Actual,Kilotonnes,Carbon dioxide equivalents,P
ZZZ,Total,2014Q2,18654,Actual,Kilotonnes,Carbon dioxide equivalents,P
ZZZ,Total,2014Q3,19772,Actual,Kilotonnes,Carbon dioxide equivalents,P
ZZZ,Total,2014Q4,22372,Actual,Kilotonnes,Carbon dioxide equivalents,P
ZZZ,Total,2015Q1,22549,Actual,Kilotonnes,Carbon dioxide equivalents,P
ZZZ,Total,2015Q2,18644,Actual,Kilotonnes,Carbon dioxide equivalents,P
ZZZ,Total,2015Q3,19636,Actual,Kilotonnes,Carbon dioxide equivalents,P
ZZZ,Total,2015Q4,21987,Actual,Kilotonnes,Carbon dioxide equivalents,P
ZZZ,Total,2016Q1,21975,Actual,Kilotonnes,Carbon dioxide equivalents,P
ZZZ,Total,2016Q2,18330,Actual,Kilotonnes,Carbon dioxide equivalents,P
ZZZ,Total,2016Q3,19373,Actual,Kilotonnes,Carbon dioxide equivalents,P
ZZZ,Total,2016Q4,21246,Actual,Kilotonnes,Carbon dioxide equivalents,P
ZZZ,Total,2017Q1,21810,Actual,Kilotonnes,Carbon dioxide equivalents,P
ZZZ,Total,2017Q2,18714,Actual,Kilotonnes,Carbon dioxide equivalents,P
ZZZ,Total,2017Q3,19737,Actual,Kilotonnes,Carbon dioxide equivalents,P
ZZZ,Total,2017Q4,22213,Actual,Kilotonnes,Carbon dioxide equivalents,P
ZZZ,Total,2018Q1,22185,Actual,Kilotonnes,Carbon dioxide equivalents,P
ZZZ,Total,2018Q2,18572,Actual,Kilotonnes,Carbon dioxide equivalents,P
ZZZ,Total,2018Q3,19692,Actual,Kilotonnes,Carbon dioxide equivalents,P
ZZZ,Total,2018Q4,22407,Actual,Kilotonnes,Carbon dioxide equivalents,P
ZZZ,Total,2019Q1,23282,Actual,Kilotonnes,Carbon dioxide equivalents,P
ZZZ,Total,2019Q2,19137,Actual,Kilotonnes,Carbon dioxide equivalents,P
ZZZ,Total,2019Q3,19806,Actual,Kilotonnes,Carbon dioxide equivalents,P
ZZZ,Total,2019Q4,22204,Actual,Kilotonnes,Carbon dioxide equivalents,P
ZZZ,Total,2020Q1,22566,Actual,Kilotonnes,Carbon dioxide equivalents,P
ZZZ,Total,2020Q2,16963,Actual,Kilotonnes,Carbon dioxide equivalents,P
ZZZ,Total,2020Q3,19102,Actual,Kilotonnes,Carbon dioxide equivalents,P
ZZZ,Total,2020Q4,21368,Actual,Kilotonnes,Carbon dioxide equivalents,P
ZZZ,Total,2021Q1,22234,Actual,Kilotonnes,Carbon dioxide equivalents,P
ZZZ,Total,2021Q2,19056,Actual,Kilotonnes,Carbon dioxide equivalents,P
ZZZ,Total,2021Q3,17832,Actual,Kilotonnes,Carbon dioxide equivalents,P
ZZZ,Total,2021Q4,20394,Actual,Kilotonnes,Carbon dioxide equivalents,P
ZZZ,Total,2022Q1,21534,Actual,Kilotonnes,Carbon dioxide equivalents,P
ZZZ,Total,2022Q2,17848,Actual,Kilotonnes,Carbon dioxide equivalents,P
ZZZ,Total,2022Q3,17771,Actual,Kilotonnes,Carbon dioxide equivalents,P